series_type,total_series,avg_games_won
BO1,3231,0.5735066542865985
BO3,4903,1.2557617785029573
BO5,942,2.1687898089171975
